EduID,Name,Phone1,Phone2,Phone3,Phone4,Phone5,Street Address,Locality,Pincode,City,Country,Mail,Website,Person to Contact,Working Hours,Services Offered,Details,Images URL,Keywords
166366,English World,0183 - 5008999, 9815183999,,,,"SCO 27, B-Block",Ranjit Avenue,143001,amritsar,India,englishworld.edu@gmail.com,http://www.englishworld.co.in,Vikram Khanna,Monday - Saturday: 8 AM - 8 PM,"PTE Coaching , Spoken English Classes , GRE Coaching , SAT Coaching , IELTS Coaching , TOEFL Coaching , REET Coaching , ",Have a glimpse of our latest projects which we have initiated in the field of English language training. Over a decade of time tested experience of English language training for your enlightenment and information. We have provided quality to our students over the years and have plenty of successful students. See what they say about us. Learning English language was not easy so far. Experience the visual aspect of English learning in a fun way. Speak like a native English speaker thorough preparedness with golden tips. Contact us for further details.  ,"http://localserviceassets.blob.core.windows.net:80/businessphoto-t/06-01-2016%2015-28-10-91a737c8-d2c5-48e6-9de2-a64949fefcdf.png , http://localserviceassets.blob.core.windows.net:80/businessphoto-t/06-01-2016%2015-28-52-88b3d42e-e153-4fa8-9a7b-aed27880486f.png , http://localserviceassets.blob.core.windows.net:80/businessphoto-t/06-01-2016%2015-28-58-5ce99b49-0d3f-4e95-8f8e-6a98a368afae.png , http://localserviceassets.blob.core.windows.net:80/businessphoto-t/06-01-2016%2015-29-05-5ac6837b-8e19-44b1-a7c0-5aaaab6d7e07.png , http://localserviceassets.blob.core.windows.net:80/businessphoto-t/06-01-2016%2015-29-12-ef8a00f1-7c15-4a2f-81b8-efef8d9d379f.png , http://localserviceassets.blob.core.windows.net:80/businessphoto-t/06-01-2016%2015-29-35-2c7c5720-b41f-4763-acaf-c8f7c3a37cf2.png , http://localserviceassets.blob.core.windows.net:80/businessphoto-m/06-01-2016%2015-28-10-91a737c8-d2c5-48e6-9de2-a64949fefcdf.png , http://localserviceassets.blob.core.windows.net:80/businessphoto-m/06-01-2016%2015-28-52-88b3d42e-e153-4fa8-9a7b-aed27880486f.png , http://localserviceassets.blob.core.windows.net:80/businessphoto-m/06-01-2016%2015-28-58-5ce99b49-0d3f-4e95-8f8e-6a98a368afae.png , http://localserviceassets.blob.core.windows.net:80/businessphoto-m/06-01-2016%2015-29-05-5ac6837b-8e19-44b1-a7c0-5aaaab6d7e07.png , http://localserviceassets.blob.core.windows.net:80/businessphoto-m/06-01-2016%2015-29-12-ef8a00f1-7c15-4a2f-81b8-efef8d9d379f.png , http://localserviceassets.blob.core.windows.net:80/businessphoto-m/06-01-2016%2015-29-35-2c7c5720-b41f-4763-acaf-c8f7c3a37cf2.png , ","Spoken English Classes , TOEFL Coaching , "
166367,Robomate Plus,18002100009,,,,,All Offline & Online Courses Available,Mulund West,400036,amritsar,India,robomateleads@mteducare.com,,Mehek Khan,Monday - Saturday: 9 AM - 8 PM,,"MT EduCare Ltd, we believe in facilitating an environment to excel in studies. We offer world class infrastructure in addition to curriculum taught by the subject matter experts of the highest caliber backed by well  researched content and customized evaluation systems. Our interactive and new age methodologies not only make learning as an enjoyable experience but also create motivated and energetic students ready to excel in their exams.. Contact us for further details.  ",,
166368,Brain Tree,+91 172 3368911,,,,,"No. SCO 80, 81 & 82, Top Floor",Sector 17D,160017,amritsar,India,naveenpruthi44@yahoo.com,http://www.braintreeias.com,Naveen Pruthi,Monday - Sunday : 24 Hrs,"GATE Coaching , Law Entrance Coaching , GATE Biotechnology Coaching , GATE Civil Engineering Coaching , GATE Chemical Engineering Coaching , GATE Computer Science Coaching , GATE Chemistry Coaching , GATE Mathematics Coaching , CLAT Entrance Coaching , GATE Physics Coaching , IPS Entrance Exam Coaching , GATE Electronics Engineering Coaching , GATE Electrical Engineering Coaching , GATE Instrumental Engineering Coaching , GATE Mechanical Engineering Coaching , GATE Production Engineering Coaching , GATE Industrial Engineering Coaching , GATE Coaching for Other Subjects , UPSC Coaching , PSU Entrance Coaching , IAS Entrance Coaching , PCS Entrance Coaching , IES Coaching , SSB & NDA Coaching , ","Brain Tree is witnessing a new period of growth because of faith of student who believe us. We want our institute to be well managed to serve our students. We are committed to follow the highest and latest class of study material for our students. To serve better we have best teachers from different colleges and universities. Development and further expansion of students knowledge is our main aim in their respective courses. We will continue to support our students with the latest version of books and study material.Brain Tree is the best institute in Chandigarh, made for professional IAS (Indian Administrative Services) students. We are serving our students for more than 15 years in sector 17 D Chandigarh and earlier we have served them in sector 15 for 5 years so we have good track record of 20 years.  ","http://localserviceassets.blob.core.windows.net:80/businessphoto-t/1-03325dcc-0ea8-47b8-a153-a6fdd58f9a57.jpg , http://localserviceassets.blob.core.windows.net:80/businessphoto-t/2-c632305e-d667-48cf-a42c-9b86b34e74ba.jpg , http://localserviceassets.blob.core.windows.net:80/businessphoto-t/4-86915485-92de-4bc9-92ff-f53a375c793a.jpg , http://localserviceassets.blob.core.windows.net:80/businessphoto-m/1-03325dcc-0ea8-47b8-a153-a6fdd58f9a57.jpg , http://localserviceassets.blob.core.windows.net:80/businessphoto-m/2-c632305e-d667-48cf-a42c-9b86b34e74ba.jpg , http://localserviceassets.blob.core.windows.net:80/businessphoto-m/4-86915485-92de-4bc9-92ff-f53a375c793a.jpg , ","1 Year Program , 6 Months Program , Classroom Tuitions , CLAT Entrance Coaching , Daily Classes , Evening Classes , GATE Computer Science Coaching , GATE Electrical Engineering Coaching , GATE Electronics Engineering Coaching , GATE Industrial Engineering Coaching , GATE Instrumental Engineering Coaching , GATE Mathematics Coaching , GATE Mechanical Engineering Coaching , GATE Physics Coaching , GATE Production Engineering Coaching , Holiday Classes , IAS Entrance Coaching , IES Coaching , IPS Entrance Exam Coaching , More than Rs.20000 , PCS Entrance Coaching , PSU Entrance Coaching , SSB & NDA Coaching , Summer Classes , UPSC Coaching , Weekend Classes , "
166369,Career Group,+91 172 3368831,,,,,"S.C.O. 215-216-217, 1st Floor, Entry Back Side, Near ICICI Bank",Sector 34,160022,amritsar,India,delhicareer91@gmail.com,http://www.delhicareergroup.com,Gaurav,Monday - Sunday: 7 AM - 9 PM,"Job Training , UGC Net Coaching , GATE Coaching , Defence/Police Exam Coaching , Law Entrance Coaching , UGC Net Management Coaching , GATE Biotechnology Coaching , SET Entrance Coaching , CDS Exam Coaching , GATE Civil Engineering Coaching , UGC Net HR Coaching , UGC Net Commerce Coaching , GATE Chemical Engineering Coaching , GATE Computer Science Coaching , CSIR UGC Net Exam Coaching , UGC Net Economics Coaching , GATE Chemistry Coaching , GATE Mathematics Coaching , UGC Net History Coaching , CLAT Entrance Coaching , LLB Entrance Exam , UGC Net English Literature Coaching , GATE Physics Coaching , IPS Entrance Exam Coaching , GATE Electronics Engineering Coaching , UGC Net Chemistry Coaching , Merchant Navy Course , CSIR UGC Net Life Sciences , GATE Electrical Engineering Coaching , SSC Entrance Exam Coaching , RRB Entrance Exam Coaching , GATE Instrumental Engineering Coaching , CSIR UGC Net Environmental Sciences , GATE Mechanical Engineering Coaching , GATE Production Engineering Coaching , GATE Industrial Engineering Coaching , GATE Coaching for Other Subjects , CACPT Coaching , Common Management Aptitude Test (CMAT) Coaching , UGC Net Law Coaching , UGC Net Computer Science Coaching , UPSC Coaching , CTET Coaching , CS Coaching , Diploma in Banking & Finance (DBF) Coaching , IBPS Bank Interview Coaching , PSU Entrance Coaching , CAT Coaching , IAS Entrance Coaching , B.B.A. Entrance Coaching , Hotel Management Entrance Coaching , PSAT Exam Coaching , SAT Coac Show less « , ","Delhi Career Group is a Professional Leading Institute in India. Delhi Career Group is a known for its best Guidance and affordable education Services in India. We offer a complete range of Competitive Exams, includes IAS/IPS, BANK PO, SSC, UGC-NET, NDA, CDS, CLAT, CPT Etc. In current scenario everybody would like to become risk-free along with his/her job to protect them. Therefore every candidate has to clear competitive exam in his/her particular field. Delhi Career Group has a team of best teachers from over all India. We have extended our hands across the globe in providing the World Class Coaching to the Students in Competitive Exam. Contact us for further details.  ","http://localserviceassets.blob.core.windows.net:80/businessphoto-t/1-7e2dac6a-6276-42b4-9f3f-f1a74ec32af0.jpg , http://localserviceassets.blob.core.windows.net:80/businessphoto-t/2-bd0943b7-52eb-4d64-a143-36fc1dec8046.jpg , http://localserviceassets.blob.core.windows.net:80/businessphoto-t/3-e09bb737-f3bd-4b40-abbb-731beb1f276b.jpg , http://localserviceassets.blob.core.windows.net:80/businessphoto-t/4-0c9fb81c-3426-4cef-8c77-0aa965ccb6fe.jpg , http://localserviceassets.blob.core.windows.net:80/businessphoto-m/1-7e2dac6a-6276-42b4-9f3f-f1a74ec32af0.jpg , http://localserviceassets.blob.core.windows.net:80/businessphoto-m/2-bd0943b7-52eb-4d64-a143-36fc1dec8046.jpg , http://localserviceassets.blob.core.windows.net:80/businessphoto-m/3-e09bb737-f3bd-4b40-abbb-731beb1f276b.jpg , http://localserviceassets.blob.core.windows.net:80/businessphoto-m/4-0c9fb81c-3426-4cef-8c77-0aa965ccb6fe.jpg , ","BSC Entrance Exam Coaching , CACPT Coaching , CAT Coaching , CDS Exam Coaching , CET Entrance Coaching , Chartered Accountant Coaching , CLAT Entrance Coaching , Common Management Aptitude Test (CMAT) Coaching , CS Coaching , CSIR UGC Net Environmental Sciences , CSIR UGC Net Exam Coaching , CSIR UGC Net Life Sciences , CTET Coaching , Diploma in Banking & Finance (DBF) Coaching , GATE Biotechnology Coaching , GATE Chemical Engineering Coaching , GATE Chemistry Coaching , GATE Civil Engineering Coaching , GATE Coaching for Other Subjects , GATE Computer Science Coaching , GATE Electrical Engineering Coaching , GATE Electronics Engineering Coaching , GATE Industrial Engineering Coaching , GATE Instrumental Engineering Coaching , GATE Mathematics Coaching , GATE Mechanical Engineering Coaching , GATE Physics Coaching , GATE Production Engineering Coaching , GMAT Coaching , Hotel Management Entrance Coaching , IAS Entrance Coaching , IB Chemistry Tuitions , IB Maths Tuitions , IBPS Bank Interview Coaching , ICET Coaching , IES Coaching , IPS Entrance Exam Coaching , LLB Entrance Exam , MAT coaching , MCA Entrance Coaching , MCA Entrance Exam Coaching , Merchant Navy Course , MSC Entrance Exam Coaching , NCHMCT JEE Coaching , PCS Entrance Coaching , PSAT Exam Coaching , PSU Entrance Coaching , RRB Entrance Exam Coaching , SAT Coaching , SBI PO Training , SET Entrance Coaching , SSB & NDA Coaching , SSC Entrance Exam Coaching , SSC JE Entrance Coaching , UGC Net Chemistry Coaching , UGC Net Commerce Coaching , UGC Net Computer Science Coaching , UGC Net Economics Coaching , UGC Net English Literature Coaching , UGC Net History Coaching , UGC Net HR Coaching , UGC Net Law Coaching , UGC Net Management Coaching , UPSC Coaching , "
166370,Vibgyor Education,9780804066, 9915977662,,,,Macleod Road,Rani Ka Bagh,143001,amritsar,India,education.vibgyor@gmail.com,http://www.vibgyoreducation.com,Seema Maheshwari,Monday - Saturday: 10 AM - 6.30 PM,"Nurse Training , OET Exam Training , PTE Coaching , Spoken English Classes , IELTS Coaching , TOEFL Coaching , ","Vibgyor Education is the sole authorized vocational training centre of Manipal-City and Guilds in Amritsar. It is a joint initiative of Manipal Education and City & Guilds (UK).
Vibgyor is imparting world-class job training & coaching to the youth of holy city of Amritsar.
Vibgyor has created infrastructure and facilities to meet the international standards required to train learners.
People who have been in education service industry for more than a decade promote Vibgyor. realization of the need to train learners for taking up professional work, has persuaded the promoters to step up internationally accepted vocational training centre for internationally certified courses.  ","http://localserviceassets.blob.core.windows.net:80/businessphoto-t/1-e19f7af6-7777-4a68-894f-4b1e0fe7488a.jpg , http://localserviceassets.blob.core.windows.net:80/businessphoto-t/2-8da8c888-4368-4ffa-bdd3-a8c5e18493b7.jpg , http://localserviceassets.blob.core.windows.net:80/businessphoto-t/3-cf0eac8e-bd7d-427a-a832-2d231ad71034.jpg , http://localserviceassets.blob.core.windows.net:80/businessphoto-t/4-16a92457-9dd8-48d4-8fdc-e779de6b9b7d.jpg , http://localserviceassets.blob.core.windows.net:80/businessphoto-m/1-e19f7af6-7777-4a68-894f-4b1e0fe7488a.jpg , http://localserviceassets.blob.core.windows.net:80/businessphoto-m/2-8da8c888-4368-4ffa-bdd3-a8c5e18493b7.jpg , http://localserviceassets.blob.core.windows.net:80/businessphoto-m/3-cf0eac8e-bd7d-427a-a832-2d231ad71034.jpg , http://localserviceassets.blob.core.windows.net:80/businessphoto-m/4-16a92457-9dd8-48d4-8fdc-e779de6b9b7d.jpg , ",
166371,Nata Academy,9914146068, 7417035995,,,,"No. 18, Fair Land Colony",Fatehgarh Churian Road,143001,amritsar,India,mynatatest@gmail.com,http://www.nataacademy.in,Nata Academy,Monday - Sunday: 10 AM - 6 PM,"NATA Coaching , Aptitude Training , Architecture Entrance Coaching , ","    NATA academy gives a genuine chance to all the aspirants for preparation before they appear for exam like NATA, JEE Mains (Paper II), Architecture Aptitude etc.  for getting admission in reputed institute.
   Classes are being conducted in small batches for personal attention and better knowledge sharing. Practice questions are framed as per the latest pattern with a clear perspective of scoring high under expert guidance. Mock test, 3d models and online sample exam is a key pedagogy leading to success.
  ","http://localserviceassets.blob.core.windows.net:80/businessphoto-t/1-b3315e6c-1208-415b-9d36-9e4526aaa2b9.jpg , http://localserviceassets.blob.core.windows.net:80/businessphoto-t/7-78cc7d1b-ef7c-492d-9ffd-8c07120679c4.jpg , http://localserviceassets.blob.core.windows.net:80/businessphoto-t/8-ca227f76-75ae-4038-804e-80d7cdf5a1fc.jpg , http://localserviceassets.blob.core.windows.net:80/businessphoto-m/1-b3315e6c-1208-415b-9d36-9e4526aaa2b9.jpg , http://localserviceassets.blob.core.windows.net:80/businessphoto-m/7-78cc7d1b-ef7c-492d-9ffd-8c07120679c4.jpg , http://localserviceassets.blob.core.windows.net:80/businessphoto-m/8-ca227f76-75ae-4038-804e-80d7cdf5a1fc.jpg , ",
166372,Tayal Institute Pvt. Ltd.,+91 22 49432704,,,,,"No. 403, D- Definity, JP Nagar, Road No. 1",Goregaon East,400062,amritsar,India,sales@tayalinstitute.com,http://www.tayalsirvod.com,Rajesh Tayal,Monday - Sunday: 9 AM - 7 PM,"CS Coaching , CMA Coaching , Chartered Accountant Coaching , Chartered Financial Analyst (CFA) Coaching , ","Tayal Institute Private Limited is the first institute in India to provide coaching exclusively to CA Final students only. Another first for us is to give a choice to the students for selecting the subject they want to do with us instead of forcing them to join.The institute was founded by CS Prof. Rajesh Tayal, in the year 2004 and since then it has recorded growth year over years. Every time some of our students are placed in merit list.Our courses are built in partnership with technology leaders and are relevant to industry needs.  ","http://localserviceassets.blob.core.windows.net:80/businessphoto-t/12-11-2015%2012-55-43-f84c93fa-fd98-4134-9c4f-9b3abdf442c6.png , http://localserviceassets.blob.core.windows.net:80/businessphoto-t/12-11-2015%2012-55-52-407ad4c4-b749-4039-add0-bb8165549e5a.png , http://localserviceassets.blob.core.windows.net:80/businessphoto-t/12-11-2015%2012-55-58-5bd41ed0-3d4e-4bd7-bf24-edcf6d120f4c.png , http://localserviceassets.blob.core.windows.net:80/businessphoto-t/12-11-2015%2012-56-05-c39d720b-a59f-4dc2-b185-a2213d696199.png , http://localserviceassets.blob.core.windows.net:80/businessphoto-t/12-11-2015%2012-56-12-1a590e8e-38a2-4af7-82af-0375c4b4bc77.png , http://localserviceassets.blob.core.windows.net:80/businessphoto-t/12-11-2015%2012-56-19-7a1e10da-8ed1-4df1-a576-3d5090ca7c55.png , http://localserviceassets.blob.core.windows.net:80/businessphoto-t/12-11-2015%2012-56-26-f2c2731b-b550-427a-be55-4682b4e86802.png , http://localserviceassets.blob.core.windows.net:80/businessphoto-t/12-11-2015%2012-56-38-61214f67-4aa2-415e-9754-d8efcd3d00ec.png , http://localserviceassets.blob.core.windows.net:80/businessphoto-m/12-11-2015%2012-55-43-f84c93fa-fd98-4134-9c4f-9b3abdf442c6.png , http://localserviceassets.blob.core.windows.net:80/businessphoto-m/12-11-2015%2012-55-52-407ad4c4-b749-4039-add0-bb8165549e5a.png , http://localserviceassets.blob.core.windows.net:80/businessphoto-m/12-11-2015%2012-55-58-5bd41ed0-3d4e-4bd7-bf24-edcf6d120f4c.png , http://localserviceassets.blob.core.windows.net:80/businessphoto-m/12-11-2015%2012-56-05-c39d720b-a59f-4dc2-b185-a2213d696199.png , http://localserviceassets.blob.core.windows.net:80/businessphoto-m/12-11-2015%2012-56-12-1a590e8e-38a2-4af7-82af-0375c4b4bc77.png , http://localserviceassets.blob.core.windows.net:80/businessphoto-m/12-11-2015%2012-56-19-7a1e10da-8ed1-4df1-a576-3d5090ca7c55.png , http://localserviceassets.blob.core.windows.net:80/businessphoto-m/12-11-2015%2012-56-26-f2c2731b-b550-427a-be55-4682b4e86802.png , http://localserviceassets.blob.core.windows.net:80/businessphoto-m/12-11-2015%2012-56-38-61214f67-4aa2-415e-9754-d8efcd3d00ec.png , ",
166373,Engineers Academy private limited,7589441777,,,,,"Prestige Tower, CHR Group, Bus Stand",Jalandhar City,144001,amritsar,India,engineersacademyjalandhar@gmail.com,http://www.engineersacademy.org,Vinay Kumar,Monday - Sunday : 24 Hrs,"GATE Coaching , GATE Biotechnology Coaching , GATE Civil Engineering Coaching , GATE Chemical Engineering Coaching , GATE Computer Science Coaching , GATE Electronics Engineering Coaching , GATE Electrical Engineering Coaching , GATE Instrumental Engineering Coaching , RRB Entrance Exam Coaching , GATE Mechanical Engineering Coaching , GATE Production Engineering Coaching , GATE Industrial Engineering Coaching , PSU Entrance Coaching , SSC JE Entrance Coaching , IES Coaching , AMIE Coaching , ","The inspiration and motivation gained in this Engineers Academy through the personality development classes make the students confident and aim for top ranks in the various career oriented examinations.Maintaining high standards of performance and professionalism by aiming for excellence in everything we do, including being fair, ethical and trustworthy in all that we do.Striving to address the training needs for high-quality service and seeking ways to achieve our goals.We are providing training based on specific needs of the students especially we give innovative one to one training in which are having great opportunities in the present trend. We provides class room training and as well as online training to contend with todays competitive software world.  ","http://localserviceassets.blob.core.windows.net:80/businessphoto-t/EnggAca-1-ca3f72d1-752a-4d5a-9f42-1158c3d1f40f.jpg , http://localserviceassets.blob.core.windows.net:80/businessphoto-t/EnggAca-2013-a8202529-8880-4c8f-9d29-f7ec6f14048a.jpg , http://localserviceassets.blob.core.windows.net:80/businessphoto-m/EnggAca-1-ca3f72d1-752a-4d5a-9f42-1158c3d1f40f.jpg , http://localserviceassets.blob.core.windows.net:80/businessphoto-m/EnggAca-2013-a8202529-8880-4c8f-9d29-f7ec6f14048a.jpg , ","6 Months Program , AMIE Coaching , Classroom Tuitions , Daily Classes , Evening Classes , GATE Electronics Engineering Coaching , GATE Industrial Engineering Coaching , GATE Instrumental Engineering Coaching , GATE Mechanical Engineering Coaching , GATE Production Engineering Coaching , IES Coaching , PSU Entrance Coaching , RRB Entrance Exam Coaching , SSC JE Entrance Coaching , Weekend Classes , "
166374,Boarding Pass Consultancy Pvt.Ltd.,0183 - 5063442, 8568889718,,,,"SCF 30, D-Block Ranjeet Avenue",Ranjit Avenue,560040,amritsar,India,infobp2015@gmail.com,,Mandeep Singh,Monday - Saturday: 9 AM - 5 PM,"Coaching & Tuitions , Immigration Consultants , Visa Consultants , Canada Visa Consultants , Canada Immigration Consultants , New Zealand Visa Consultants , New Zealand Immigration Consultants , Australia Education Consultants , Canada Education Consultants , New Zealand Education Consultants , Australia South Pacific Immigration Consultants , Student Visa Consultants , Tourist Visa Consultants , Spoken English Classes , IELTS Coaching , ",,"http://localserviceassets.blob.core.windows.net:80/businessphoto-t/IMG_2081-215cd7b2-db62-4c93-a1a8-b28f7b99ff3a.JPG , http://localserviceassets.blob.core.windows.net:80/businessphoto-t/IMG_2085-96e6757d-a376-4045-9a05-3d3a1a518150.JPG , http://localserviceassets.blob.core.windows.net:80/businessphoto-t/IMG_2089-e2da48e6-4624-491b-b419-c5db0d7b8945.JPG , http://localserviceassets.blob.core.windows.net:80/businessphoto-t/IMG_2093-083ceb60-5883-416d-b9d3-72770f33be66.JPG , http://localserviceassets.blob.core.windows.net:80/businessphoto-t/IMG_2094-569035d3-2855-4430-a4c3-cdaaa0e1b1df.JPG , http://localserviceassets.blob.core.windows.net:80/businessphoto-t/IMG_2095-9281de7a-2d2f-4d67-9be5-350a39e06a77.JPG , http://localserviceassets.blob.core.windows.net:80/businessphoto-t/IMG_2096-b90cc5ad-1226-404f-916e-ad9b4426440c.JPG , http://localserviceassets.blob.core.windows.net:80/businessphoto-t/1-75775a9d-b7f0-40e5-b6f2-aaea0af22f76.jpg , http://localserviceassets.blob.core.windows.net:80/businessphoto-t/2-0f118c15-54d6-42de-8e86-8de1f0a81036.jpg , http://localserviceassets.blob.core.windows.net:80/businessphoto-t/3-6a636abc-b743-4567-8cc0-f6a907071725.jpg , http://localserviceassets.blob.core.windows.net:80/businessphoto-t/4-a1a8d4a3-a847-4891-b2e9-d1933152cc83.jpg , http://localserviceassets.blob.core.windows.net:80/businessphoto-t/5-e86f105a-8ec3-4a04-852e-2b6133a970e8.jpg , http://localserviceassets.blob.core.windows.net:80/businessphoto-t/6-26422d87-a083-4d7c-9e11-047bbc5dc903.jpg , http://localserviceassets.blob.core.windows.net:80/businessphoto-t/7-f0151037-b4a1-4eca-b06c-b512ec885291.jpg , http://localserviceassets.blob.core.windows.net:80/businessphoto-t/8-b45088e7-9487-45ef-8232-17e0969caad8.jpg , http://localserviceassets.blob.core.windows.net:80/businessphoto-t/9-0cade51b-e97f-42bf-8dd8-f2bf9c746ce1.jpg , http://localserviceassets.blob.core.windows.net:80/businessphoto-m/IMG_2081-215cd7b2-db62-4c93-a1a8-b28f7b99ff3a.JPG , http://localserviceassets.blob.core.windows.net:80/businessphoto-m/IMG_2085-96e6757d-a376-4045-9a05-3d3a1a518150.JPG , http://localserviceassets.blob.core.windows.net:80/businessphoto-m/IMG_2089-e2da48e6-4624-491b-b419-c5db0d7b8945.JPG , http://localserviceassets.blob.core.windows.net:80/businessphoto-m/IMG_2093-083ceb60-5883-416d-b9d3-72770f33be66.JPG , http://localserviceassets.blob.core.windows.net:80/businessphoto-m/IMG_2094-569035d3-2855-4430-a4c3-cdaaa0e1b1df.JPG , http://localserviceassets.blob.core.windows.net:80/businessphoto-m/IMG_2095-9281de7a-2d2f-4d67-9be5-350a39e06a77.JPG , http://localserviceassets.blob.core.windows.net:80/businessphoto-m/IMG_2096-b90cc5ad-1226-404f-916e-ad9b4426440c.JPG , http://localserviceassets.blob.core.windows.net:80/businessphoto-m/1-75775a9d-b7f0-40e5-b6f2-aaea0af22f76.jpg , http://localserviceassets.blob.core.windows.net:80/businessphoto-m/2-0f118c15-54d6-42de-8e86-8de1f0a81036.jpg , http://localserviceassets.blob.core.windows.net:80/businessphoto-m/3-6a636abc-b743-4567-8cc0-f6a907071725.jpg , http://localserviceassets.blob.core.windows.net:80/businessphoto-m/4-a1a8d4a3-a847-4891-b2e9-d1933152cc83.jpg , http://localserviceassets.blob.core.windows.net:80/businessphoto-m/5-e86f105a-8ec3-4a04-852e-2b6133a970e8.jpg , http://localserviceassets.blob.core.windows.net:80/businessphoto-m/6-26422d87-a083-4d7c-9e11-047bbc5dc903.jpg , http://localserviceassets.blob.core.windows.net:80/businessphoto-m/7-f0151037-b4a1-4eca-b06c-b512ec885291.jpg , http://localserviceassets.blob.core.windows.net:80/businessphoto-m/8-b45088e7-9487-45ef-8232-17e0969caad8.jpg , http://localserviceassets.blob.core.windows.net:80/businessphoto-m/9-0cade51b-e97f-42bf-8dd8-f2bf9c746ce1.jpg , ","3 Months Program , Business Visa Consultants , Classroom Tuitions , Daily Classes , IELTS Coaching , Immigration Visa Services , New Zealand Education Consultants , New Zealand Immigration Consultants , New Zealand Visa Consultants , Spoken English Classes , Student Visa Consultants , Study Visa Consultants , Tourist Visa Consultants , Visa Documentation Services , Visa Valuation Services , "
166375,Pegasus Institute,9464702454,,,,,"No. 458-459, 1st Floor, Opposite Guru Nanak Dev University",Kabir Park Colony,143002,amritsar,India,rashmindersingh@gmail.com,http://www.pegasusedu.co.in,Rashminder Singh,Monday - Saturday: 8 AM - 7 PM,"Immigration Consultants , Engineering Design Training , Multimedia & Design Training , Programming Languages Training , Web Technologies Training , Middle East Immigration Consultants , Advanced C Programming Training , C, C++ Training , 3D/2D Animation Services , Canada Immigration Consultants , Africa Immigration Consultants , C Sharp (C#) Training , ASP.Net Training , Singapore Immigration Consultants , New Zealand Immigration Consultants , Java & J2EE Training , UAE Immigration Consultants , Australia South Pacific Immigration Consultants , Europe Immigration Consultants , VB Script Training , Adobe Photoshop Training , Autodesk MAYA Training , Basic Language Training , Far East Immigration Consultants , Asia Immigration Consultants , CorelDRAW Training , PHP & MySQL Training , America Immigration Consultants , E-Publishing Courses , Graphic Designing Training , Multimedia & Animation Training , Advanced JAVA Training , Advanced C++ Training , Diploma Visual Effects (VFX) Training , Autocad Training , DTP Training , Web Development Training , Adobe Dreamweaver Training , Adobe PageMaker Training , Advanced Animation Training , Adobe Flash Training , Spoken English Classes , IELTS Coaching , ","Pegasus Institute strives to give our students the best experience possible. Through an integrated learning approach, we deliver a full learning experience starting with assessments, training, reinforcement, support and validation. We help you find the solution that fits your budget, timeframe and learning preferences. We offer courses through Instructor-led Training, Mentored Learning and Personal Mentoring. Choosing the training provider thats right for you can be overwhelming if youre unsure of distinguishing factors & providing Immigration Consultants- Europe Immigration Consultant, Far East Immigration Consultant, Asia Immigration Consultants And English speaking countries. All candidates take the same Listening and Speaking. Contact us for further details.  ",,"Advanced Animation Training , Advanced C Programming Training , Advanced C++ Training , Advanced JAVA Training , Africa Immigration Consultants , America Immigration Consultants , Asia Immigration Consultants , ASP.Net Training , Australia South Pacific Immigration Consultants , Autocad Training , Autodesk MAYA Training , Basic Language Training , C Sharp (C#) Training , C, C++ Training , Canada Immigration Consultants , Classroom Tuitions , CorelDRAW Training , Diploma Visual Effects (VFX) Training , DTP Training , E-Publishing Courses , Europe Immigration Consultants , Far East Immigration Consultants , Graphic Designing Training , IELTS Coaching , Java & J2EE Training , Middle East Immigration Consultants , Multimedia & Animation Training , New Zealand Immigration Consultants , PHP & MySQL Training , Singapore Immigration Consultants , Spoken English Classes , UAE Immigration Consultants , VB Script Training , Web Development Training , "
166376,Ajanta School of Foreign Languages,0183 - 2223121, 9417180951,,,,#79,Basant Avenue,143001,amritsar,India,dckapoorasfl@yahoo.com,http://www.asflamritsar.com,Dinesh Kapoor,,"Coaching & Tuitions , Translators & Interpreters , Language Training , Arabic Language Training , French Language Training , German Language Training , Italian Language Training , Japanese Language Training , Korean Language Training , Mandarin Chinese Language Training , Russian Language Training , Spanish Language Training , Urdu Language Training , Malayalam Language Training , Other Language Book Shops , Spoken English Classes , Spoken Hindi Classes , ",,"http://localserviceassets.blob.core.windows.net:80/businessphoto-t/FRENCH%20BOOK-e46b79c7-d8cc-458b-ae5f-1876b874b3dc.jpg , http://localserviceassets.blob.core.windows.net:80/businessphoto-t/Dutch%20book-76e65da8-f171-4512-9f6e-c67caf68ce5b.jpg , http://localserviceassets.blob.core.windows.net:80/businessphoto-t/Italian%20book-f31388d4-1f7d-4df7-a818-fd3d4731e94e.jpg , http://localserviceassets.blob.core.windows.net:80/businessphoto-m/FRENCH%20BOOK-e46b79c7-d8cc-458b-ae5f-1876b874b3dc.jpg , http://localserviceassets.blob.core.windows.net:80/businessphoto-m/Dutch%20book-76e65da8-f171-4512-9f6e-c67caf68ce5b.jpg , http://localserviceassets.blob.core.windows.net:80/businessphoto-m/Italian%20book-f31388d4-1f7d-4df7-a818-fd3d4731e94e.jpg , ","Korean Language Training , Malayalam Language Training , Mandarin Chinese Language Training , Other Language Book Shops , Russian Language Training , Spanish Language Training , Spoken English Classes , Spoken Hindi Classes , Urdu Language Training , "
166377,Vidhyamandir Classes,9855404333,,,,,"Office No. 9AB, 2nd Floor",,,amritsar,India,,,,,"IIT-JEE Coaching , ",,,
166378,Abhimanu IAS/PCS,0183 - 5051301, 9216771800,,,,"No. 56,Kabir Park,Kabir Market,Near GND Univercity,Amritsar-143001",Kabir Market,143001,amritsar,India,abhimanu.amritsar@gmail.com,http://www.abhimanu.com,Kanav Sharma,Monday - Sunday: 10 AM - 8 PM,"IAS Entrance Coaching , ",,,
166379,Dashmesh Academy,0183 - 2402138, 9876643060,,,,No. 22,Amritsar Cantonment,143002,amritsar,India,attainwebta@gmail.com,http://www.dashmeshacademy.com,Sarith  Gupta,Monday - Saturday: 8 AM - 7 PM,"Career Counsellors , UGC Net Coaching ,  , CSIR UGC Net Exam Coaching , SSC Entrance Exam Coaching , IAS Entrance Coaching , College Tuitions for Accounts, Finance, Statistics , School Tuitions for Accounts, Finance, Statistics , Spoken English Classes , SAT Coaching , Banking Tuitions , MBA & BBA Coaching , MCA Entrance Coaching , SSB & NDA Coaching , National Talent Search Exam (NTSE) Coaching , ",,,"MBA & BBA Coaching , MCA Entrance Coaching , National Talent Search Exam (NTSE) Coaching , SAT Coaching , School Tuitions for Accounts, Finance, Statistics , Spoken English Classes , SSB & NDA Coaching , SSC Entrance Exam Coaching , "
166380,guruinfoteach,8437035797,,,,,No. 3,Guru Ram Dass Niwas,143001,amritsar,India,gurbirsingh@idbi.co.in,,rekha randhwa,,"ACCA Training , ",,,
166381,Radhev Coaching Classes,9463649834,,,,,,Ranjit Avenue,143001,amritsar,India,,,Arun Kumar,Monday - Saturday: 7 AM - 7 PM,"B.Arch Coaching Classes , NATA Coaching , JEE Advanced Coaching , ",,,
166382,Veron-Visit to Hit Bulls Eye,9569511656, 9780067897,,,,2nd Floor,Rani Ka Bagh,560040,amritsar,India,veronho15@gmail.com,,Sahil,Monday - Sunday: 7 AM - 8 PM,"Computer Networking Training , Mobile Development Training , Programming Languages Training , Web Technologies Training , Campus Recruitment Training , Law Entrance Coaching , Android Application Development Training , Basic Networking Training , LSAT Entrance Coaching , .Net Training , Java & J2EE Training , CLAT Entrance Coaching , PHP & MySQL Training , Web Development Training , CAT Coaching , GRE Coaching , SAT Coaching , GMAT Coaching , AIPMT Coaching , IIT-JEE Coaching , SSB & NDA Coaching , ","We don't teach, we educate, as we know that education without values, morality and ethics is no education at all.VERON institute was founded with an intention to confer superiority education and instruction in a different, pioneering and gracious learning environment in the exigent field of Competitive & Government Exams preparation.VERON institute is a pioneer institute in the field of grooming of students for different competitive examinations VERON institute is a known for its best Guidance and affordable education Services in India. We offer a complete range of Competitive Exams, includes GRE, GMAT,SAT, CAT/MBA, CMAT, XAT, CDS, NDA, CLAT, SSB Etc. In current scenario everybody would like to become risk-free along with his/her job to protect them. Therefore every candidate has to clear competitive exam in his/her particular field.  ",,"Classroom Tuitions , CLAT Entrance Coaching , Daily Classes , Evening Classes , GMAT Coaching , GRE Coaching , IIT-JEE Coaching , Java & J2EE Training , LSAT Entrance Coaching , PHP & MySQL Training , SAT Coaching , SSB & NDA Coaching , Web Development Training , "
166383,IBT Institute,9888710660,,,,,"Basement Office, Near Kacheri Chowk",Rani Ka Bagh,560040,amritsar,India,ibtamritsar@gmail.com,http://www.ibtindia.com,,Monday - Sunday: 7 AM - 8 PM,"SSC Entrance Exam Coaching , IAS Entrance Coaching , SSC JE Entrance Coaching , Insurance Exam Coaching , PCS Entrance Coaching , SBI PO Training , IBPS Bank Exam Coaching , ","WHY IBT
Many candidates find themselves working for more than one exam at a time. Do not put too many irons in the fire. We prepare you wholeheartedly for one goal at a time and make you successful. Hard work always pays.
We improve the basics because clearing basics improves your efficiency to answer question and time management is very crucial to take any exam. We improve language, expression and knowledge.  ",,"Classroom Tuitions , Daily Classes , Evening Classes , SSC Entrance Exam Coaching , SSC JE Entrance Coaching , "
166384,English Zone,7307355594,,,,,"No. 8, B Block",Ranjit Avenue,143001,amritsar,India,,,Amit Kumar,Monday - Saturday: 8 AM - 8 PM,"Spoken English Classes , ICSE English Tuitions , ",,,
166385,Shiva Institute,9814675255, 9216775255,,,,"No. 508,Lane 3, 100 Ft Road,Azad Nagar,Amritsar   143001",Azad Nagar,143001,amritsar,India,Shiva.institute@yahoo.com,http://https.\\.www.shivainstitute.co.in,Anil Bedi,Monday - Saturday: 7 AM - 7 PM,"Hobby Classes , Mehendi Classes , Flower Making Classes , Paper Quilling Classes , SSC Entrance Exam Coaching , Spoken English Classes , Banking Tuitions , ",,,
166386,Vidhya Academy,0183 - 5061088, 9781863487,,,,H.No. 58,Sunder Nagar,143001,amritsar,India,vidhyaacademy.md@gmail.com,http://https://www.facebook.com/vidhyaacademy.amritsar/,Mr. Shivam Mahajan,Monday - Saturday: 12 PM - 8 PM,"Web Technologies Training , Web Designing Training , Physics Tuitions (11th & 12th) , School Tuitions for Math, Physics, Chemistry , 10th STD Tuitions , ",,,
166387,E1 Coaching Center,9056703131, 9914245901,,,,"SCF 35, 2nd Floor",Kabir Market,143001,amritsar,India,bhutesh44@gmail.com,http://www.e1coachingcenter.wordpress.com,Bhuteshpal Suhag,Monday - Sunday : 24 Hrs,"SSC Entrance Exam Coaching , SSC JE Entrance Coaching , IBPS Bank Exam Coaching , ",,,
166388,Fiitjee Ltd.,0183 - 2501686, 0183 - 5014645,,,,"SCO No. 31, 3rd Floor, B Block",Ranjit Avenue,143001,amritsar,India,,http://www.fiitjeeamritsar.com,,Monday - Saturday: 9 AM - 6 PM,"GRE Coaching , SAT Coaching , IIT-JEE Coaching , National Talent Search Exam (NTSE) Coaching , ",,,
166389,Bhupinder Kaur Bath,0183 - 2424356,,,,,House No. 8,Majitha Road,143001,amritsar,India,,,,,"Big Data Analytics Online Training , R Analytics Online Training , ",,,
166390,Uppal Associate,0183 - 2222407, 0183 - 2222409,,,,,Sant Nagar,143001,amritsar,India,,,Dr. Ashok Uppal,,"Enterprise Training , Home & Private Tuitions , Big Data Analytics Online Training , Engineering Tuitions , Law Entrance Coaching , Home Tutors for Class I-V , R Analytics Online Training , Mechanical Engineering Tuitions , SET Entrance Coaching , Aerospace Engineering Tuitions , Home Tutors for Class VI-X , B.Com Home Tutors , Biomedical Engineering Tuitions , Biomechanical Engineering Tuitions , B.Sc Home Tutors , BE Home Tuitions , Automotive Engineering Tuitions , Civil Engineering Tuitions , Biology Home Tuitions for school , Chemistry Home Tuitions for school , Architectural Engineering Tuitions , Electrical Engineering Tuitions , Hindi Home Tuitions , English Home Tuitions for school , IT & Computer Science Engineering Tuitions , Robotics Engineering Tuitions , Physics Home Tuitions for school , Economics Home Tuitions , Microelectronic Engineering Tuitions , Chemical Engineering Tuitions , BBA Home Tuitions , MBA Home Tuitions , Environmental Engineering Tuitions , Materials Science Engineering Tuitions , ICWA Home Tuitions , MCA Home Tuitions , Agricultural Engineering Tuitions , Foreign Languages Coaching , GMAT Private Tuitions , CA Home Tuitions , Maths Home Tuitions for school , Engineering Tuitions - Other Branches , Engineering Physics Tuitions , Biotechnology Engineering Tuitions , Genetic Engineering Tuitions , Engineering Chemistry Tuitions , Mechatronics Engineering Tuitions , Software Engineering Tuitions , Electronics & Communication Engineering Tuitions , Instrumentation Technology Engineering Tuitions , Telecommunication En Show less « , ",,,"B.Com Home Tutors , B.Sc Home Tutors , Banking Tuitions , BBA Home Tuitions , BE Home Tuitions , Bioinformatics Training , Biology Home Tuitions for school , Biomechanical Engineering Tuitions , Biomedical Engineering Tuitions , Biotechnology Engineering Tuitions , CA Home Tuitions , CAT Coaching , Chartered Accountant Coaching , Chemical Engineering Tuitions , Chemistry Home Tuitions for school , Civil Engineering Tuitions , College Tuitions for Accounts, Finance, Statistics , College Tuitions for Chemistry , College Tuitions for Maths , College Tuitions for Physics , Economics Home Tuitions , Electrical Engineering Tuitions , Electronics & Communication Engineering Tuitions , Engineering Chemistry Tuitions , Engineering Physics Tuitions , Engineering Tuitions - Other Branches , English Home Tuitions for school , Environmental Engineering Tuitions , Foreign Languages Coaching , Genetic Engineering Tuitions , GMAT Coaching , GMAT Private Tuitions , GRE Coaching , Handwriting, Spelling & Reading Classes , Hindi Home Tuitions , Home Tutors for Class I-V , Home Tutors for Class VI-X , IAS Entrance Coaching , ICWA Home Tuitions , IIT Engineering Entrance Coaching , Industrial & Production Engineering Tuitions , Instrumentation Technology Engineering Tuitions , IT & Computer Science Engineering Tuitions , Mass Communication Training , Materials Science Engineering Tuitions , Maths Home Tuitions for school , MBA & BBA Coaching , MBA Home Tuitions , MCA Home Tuitions , Mechanical Engineering Tuitions , Mechatronics Engineering Tuitions , Medical Entrance Coaching , Microelectronic Engineering Tuitions , Music & Dance & Arts Classes , NIFT/NID/CEED/FDDI Training , Physics Home Tuitions for school , R Analytics Online Training , Robotics Engineering Tuitions , SAT Coaching , School Tuitions for Accounts, Finance, Statistics , School Tuitions for All Subjects , School Tuitions for Math, Physics, Chemistry , SET Entrance Coaching , Software Engineering Tuitions , Spoken English Classes , Spoken Hindi Classes , Telecommunication Engineering Tuitions , Tuitions for College Subjects , "
166391,Keshav Chander Arora & Co.,0183 - 5057268, 9814188475, 9417276016,,,1st Floor,Sant Nagar,143115,amritsar,India,,,,,,,,
166392,Priksha Institute of Commerce for Women,9872037320, 8054936320,,,,Shop #49-A,Vijay Nagar,143001,amritsar,India,puneetkrishanjoshi@gmail.com,,Puneet Joshi,,"Integrated Professional Competency (IPCC) Coaching , College Tuitions for Accounts, Finance, Statistics , Chartered Accountant Coaching , ",,,
166393,Kapri Institute of English Speaking,0183 - 2402144, 7307833331, 7814711115,,,No. 1D,Dayanand Nagar,143001,amritsar,India,kapri.amritsar@gmail.com,http://www. www.kapriindia.com,Himanshu Arora,Monday - Sunday: 8 AM - 8 PM,"Corporate Training Providers , Visa Consultants , Enterprise Training , Programming Languages Training , C, C++ Training , Singapore Visa Consultants , New Zealand Visa Consultants , CCC / BCC Course , BizTalk Server 2006 Training , BizTalk Server 2010 Training , Student Visa Consultants , Tally Training , BizTalk Server Training , Spoken English Classes , IELTS Coaching , Corporate Communication Skills Training , Interpersonal Skills Training , Personality Development Training , Soft Skills Training , ",,,"Corporate Communication Skills Training , IELTS Coaching , Interpersonal Skills Training , New Zealand Visa Consultants , Personality Development Training , Singapore Visa Consultants , Soft Skills Training , Spoken English Classes , Student Visa Consultants , Tally Training , "
166394,Top Banking Coaching Institute,9216878310, 9216508310,,,,,Sant Nagar,143001,amritsar,India,ibsamritsar@gmail.com,http://www.topbankingcoaching.com,Mandeep Singh,,"SSC Entrance Exam Coaching , UPSC Coaching , Banking Tuitions , ",,,
166395,Easy Learning India,9780715511,,,,,No. 34/7,Majitha Road,143001,amritsar,India,easylearning.india@gmail.com,http://www.easylearning.com,Sandeep,Monday - Sunday : 24 Hrs,"Spoken English Classes , Handwriting, Spelling & Reading Classes , CBSE Tuitions for Maths , 10th STD Tuitions , ",,,
166396,Ajanta Institute,9569622899, 8196989000,,,,"AIMII Institute, Dhab Khatikan Market Road",Katra Ahluwalia,143001,amritsar,India,info@ajantainstitute.com,http://www.ajantainstitute.com,Mayank Kapoor,Monday - Sunday: 9 AM - 7 PM,"Distance Education , Coaching & Tuitions , Certification Courses Training , Home & Private Tuitions , B.Com. Colleges , MBA Part Time Distance Education , M.B.A. Distance Education , B.A. Colleges , B.C.A. Colleges , M.Com. Colleges , M.Sc. Colleges , M.A. Colleges , M.Sc. Mathematics Distance Education , M.C.A. Colleges , PGDCA Courses , M.C.A. Distance Education , 12th Open School Distance Education , B.Sc. IT Colleges , Diploma in Industrial Relation Course Distance Education , B.A Distance Education , B.Com Distance Education , M.Com Distance Education , Certified Public Accountant (CPA) Distance Education , M.A. Distance Education , BBA Distance Education , BCA Distance Education , PGDBM Distance Education , Political Science Home Tuitions for UG , Political Science Home Tuitions for PG , History Home Tuitions for UG , History Home Tuitions for PG , Chartered Financial Analyst (CFA) Distance Education , Executive BBA Distance Education , IT Program Distance Education , DBM ADBM Distance Education , Executive MBA Distance Education , Certified Financial Management Distance Education , PGDCR Distance Education , B.Ed. Distance Education , B.C.A. Distance Education , MSC IT , Online MBA , B.Sc. IT Distance Education , Open School for 10th class , B.A English Coaching , M.A English Coaching , ","Ajanta Institute offers MBA, PGDBM, BBA, MCA, PGDCA, PGDIT, BCA, MSc(IT), MSc(CS), B.Sc (CS), B.Sc(IT), MA, BA, M.com, B.com, Blis, Mlis Etc. degree courses and provides regular classes (Monday to Friday) and Weekend Batches on Saturday and Sunday without charging any tuition fees along with 100 percent Job oriented courses. Ajanta is an established center of excellence; Special emphasis is given to the academics as well as on the overall development of students to make them hardcore professionals. Ajanta Institute has massive experience in education. We are present in this profession since last 60 years in Amritsar. Study Centre, Study Material, and Web support, University Support, Delivery of Programmed will all be of Global Standard. All degrees, diploma and course are affiliated to LOVELY PROFESSIONAL UNIVERSITY, Jalandhar. Contact us on 9569622899 for further details. LPU is reaching out to the masses by providing an intellectual learning environment that is academically rich with highly affordable fee structure. Supported by the largest University* in the country, LPU, the Directorate of Distance Education (DDE) is bridging the gap between education and the education seekers at a fast pace, through usage of technology which significantly extends the reach and quality of education.wifi facility, camputer lab classes through projector,specialised classes courses education also available DDE aims at making Distance Education, a credible and valued mode of learning, by providing education without a compromise. Distance Education makes lifelong learning possible. Along with an increased access to education, Distance Education offers convenience, flexibility and affordability. Contact us for more details.  ",,"1 Year , 12th Open School Distance Education , 2 Years , 6 Months , B.Com Distance Education , B.Com. Colleges , B.Ed. Distance Education , B.Sc. IT Colleges , B.Sc. IT Distance Education , BBA Distance Education , BCA Distance Education , Certification programs , Certified Financial Management Distance Education , Certified Public Accountant (CPA) Distance Education , Chartered Financial Analyst (CFA) Distance Education , Contact Classes , Correspondence , DBM ADBM Distance Education , Degree Programs , Diploma in Industrial Relation Course Distance Education , Diploma Programs , Executive BBA Distance Education , Executive MBA Distance Education , History Home Tuitions for PG , History Home Tuitions for UG , IT Program Distance Education , Less than 6 Months , M.A English Coaching , M.A. Colleges , M.A. Distance Education , M.B.A. Distance Education , M.C.A. Colleges , M.C.A. Distance Education , M.Com Distance Education , M.Com. Colleges , M.Sc. Colleges , M.Sc. Mathematics Distance Education , MBA Part Time Distance Education , More than 2 Years , MSC IT , Online , Online MBA , Open School for 10th class , PGDBM Distance Education , PGDCA Courses , PGDCR Distance Education , Political Science Home Tuitions for PG , Political Science Home Tuitions for UG , "
166397,UGC Net Coaching,9779710500,,,,,,White Avenue,143001,amritsar,India,n_p_21@yahoo.com,,Navalpreet,,,,,
166398,SPS Institute,0183 - 2582059, 9815268059,,,,#206,,,amritsar,India,spsinstitute@yahoo.com,,Dr. S.P. Singh,,"Big Data Analytics Online Training , R Analytics Online Training , Spoken English Classes , MBA & BBA Coaching , MCA Entrance Coaching , AIEEE Coaching , ",,,
166399,Dare Education Group,0183 - 5008250, 9876498765,,,,No.10,Putligarh,143001,amritsar,India,,http://dareeducationgroup.com,,,"Job Training , Big Data Analytics Online Training , R Analytics Online Training , Fashion Designing Training , Spoken English Classes , ",,,
166400,T.E.S.,0471 - 2444402, 9387839871,,,,"67, Vrindavan Gardens, Pattam, Trivandrum -695004",,,amritsar,India,vallaths.tes@gmail.com,http://www.vallathstes.co.in,Kalyani Vallath,All days: 10:00 am - 4:00 pm,"UGC Net Coaching , UGC Net Management Coaching , UGC Net HR Coaching , UGC Net Commerce Coaching , CSIR UGC Net Exam Coaching , UGC Net Economics Coaching , UGC Net History Coaching , ","A complete in-depth free counseling on one to one basis for students to chart out their career path for education abroad, right from institution selection to taking the flight. We are one of the best Institutes providing Training for UGC NET & JRF, SET/SLET, Commonwealth Literature, British Literature, American Literature, Indian Writing in English, Structuralism, Poststructuralism, Postmodernism, Postcolonialism, Ecocriticism, ELT, Personality Development & Public Speaking, Lectureship Exam, English Literature, Civil Service English Main, Interview Training and Soft Skill Training. Kindly contact us for further details.  ",,
166401,ETL,0183 - 2557220, 9914141926,,,,No. 74,City Centre,143001,amritsar,India,info@etl.co.in,http://www.etl.co.in,Rupinder,Monday - Saturday: 9 AM - 7.30 PM,"Coaching & Tuitions , Big Data Analytics Online Training , Desktop Dealers , R Analytics Online Training , Laptop Dealers , Tablet PC Dealers , Industrial Laptop Dealers , Spoken English Classes , ",,,"Tablet PC Dealers , "
166402,Intraword,0265 - 3067199, 0265 - 3074883, 9016527086, 9723815238,,"No. 136, VIP Road",Karelibaug,390018,amritsar,India,info@intraword.com,http://www.intraword.com,Vikash Jha,Monday - Sunday: 8.30 AM - 8 PM,"Translators & Interpreters , Spoken English Classes , German Language Translators , Spanish Language Translators , French Language Translators , Italian Language Translators , Chinese Language Translators , Japanese Language Translators , Russian Translators , Tamil Language Translators , Portuguese Language Translators , Korean Language Translators , Dutch Language Translators , Malaysian Language Translators , IELTS Coaching , English Language Translators , Hindi Language Translators , Arabic Language Translators , Marathi Translators , Sanskrit Translations , Gujarati Language Translators , Oriya Language Translators , Nepali Language Translators , Bengali Language Translators , Urdu Language Translators , Malayalam Language Translators , Telugu Language Translators , Punjabi Language Translators , Kannada Language Translators , ","Intraword, a comprehensive language services provider company, is specialized in various aspects of language services like Foreign language training, translation, interpretation, English and soft skill training and Market research. With unique and innovative services coupled with dynamic and dedicated team, we at Intraword aimed to help every individual and corporate organization to develop their language skill and personality.We offer enormous services like foreign language training, Translation, Interpretation, soft skill training and market research to enhance your skill to achieve great height in career or to improve business expansion. Knowing more language and outstanding personal skill can bring infinite opportunity to start or advancement of your present career.Owing to long years of experience, perfect hiring of instructor, their dedication, we offers competent and professional language training along with translation, interpreter, soft skill training and market research services to our learners. The atmosphere at Intraword is absolutely relaxing, calming and work oriented. Our sincere, motivated and talented instructors put their every feasible effort to teach their learner in an exceptional way. They have come from varied background whose experience is channeled into conferring innovative and excellent services.In our foreign language training programs, students develop their skills in listening, speaking, reading and writing in their language of choice in a proficient manner. We serve language training and interpreter services for all popular international languages like French, Chinese, German, Italian, Spanish, Portuguese and etc.Translation services in Vadodara are designed for all International and regional languages. This engages the learners in the global exchange of ideas and facilitates intercultural communication.Besides offering complete banquet of language services, we also offer soft skill services in order to improve your personality building. Personality development is an important to enhance your talent to face the world of challenge.Our soft skill training programs includes services like Personality Development, Self Development, Anger Management, Self Confidence, Communication skill, Conflict resolution, Thinking & problem solving skill, Leadership skills, Time Management, and many more. Another service of Market research has also been added to our organization to offer authentic and accurate research services to the organization.  ","http://yellowpages.sulekha.com/photos/2938603/Image1.jpg , http://yellowpages.sulekha.com/photos/2938603/Image2.jpg , http://yellowpages.sulekha.com/photos/2938603/Image3.jpg , http://yellowpages.sulekha.com/photos/2938603/Image4.jpg , http://yellowpages.sulekha.com/photos/2938603/Image5.jpg , http://yellowpages.sulekha.com/photos/2938603/Image1.jpg , http://yellowpages.sulekha.com/photos/2938603/Image2.jpg , http://yellowpages.sulekha.com/photos/2938603/Image3.jpg , http://yellowpages.sulekha.com/photos/2938603/Image4.jpg , http://yellowpages.sulekha.com/photos/2938603/Image5.jpg , ","French Language Translators , German Language Translators , Gujarati Language Translators , Hindi Language Translators , IELTS Coaching , Italian Language Translators , Japanese Language Translators , Kannada Language Translators , Korean Language Translators , Malayalam Language Translators , Malaysian Language Translators , Marathi Translators , Nepali Language Translators , Oriya Language Translators , Portuguese Language Translators , Punjabi Language Translators , Russian Translators , Sanskrit Translations , Spanish Language Translators , Spoken English Classes , Tamil Language Translators , Telugu Language Translators , Urdu Language Translators , "
166403,Career Launcher,0183 - 6545354, 9888125354,,,,No. 96C,White Avenue,143001,amritsar,India,amritsar.cl@careerlauncher.com,http://www.careerlauncher.com,Nitin Aggarwal,Monday - Saturday: 7.30 AM - 7 PM,"Law Entrance Coaching , CLAT Entrance Coaching , SAT Coaching , GMAT Coaching , ",,,
166404,IMS Learning Resource Pvt. Ltd.,0183 - 2402089, 9855708995,,,,No. 355/C,Mall Road,143001,amritsar,India,,,,Monday - Sunday : 24 Hrs,"Computer Science Tuitions (11th & 12th STD) , School Tuitions for All Subjects , MBA & BBA Coaching , ",,,
166405,Triumphant Institute of Management Education Pvt. Ltd.,0183 - 2401818, 9781331333,,,,"No. 9/AB, 1st Floor",White Avenue,143001,amritsar,India,,,,,"GATE Coaching , Big Data Analytics Online Training , Engineering Tuitions , GATE Biotechnology Coaching , R Analytics Online Training , Mechanical Engineering Tuitions , Aerospace Engineering Tuitions , GATE Civil Engineering Coaching , GATE Chemical Engineering Coaching , Biomedical Engineering Tuitions , Biomechanical Engineering Tuitions , GATE Computer Science Coaching , GATE Chemistry Coaching , Automotive Engineering Tuitions , Civil Engineering Tuitions , GATE Mathematics Coaching , GATE Physics Coaching , Architectural Engineering Tuitions , Electrical Engineering Tuitions , GATE Electronics Engineering Coaching , GATE Electrical Engineering Coaching , IT & Computer Science Engineering Tuitions , Robotics Engineering Tuitions , GATE Instrumental Engineering Coaching , GATE Mechanical Engineering Coaching , Microelectronic Engineering Tuitions , Chemical Engineering Tuitions , GATE Production Engineering Coaching , GATE Industrial Engineering Coaching , Environmental Engineering Tuitions , Materials Science Engineering Tuitions , GATE Coaching for Other Subjects , Agricultural Engineering Tuitions , Common Management Aptitude Test (CMAT) Coaching , Engineering Tuitions - Other Branches , Engineering Physics Tuitions , Biotechnology Engineering Tuitions , Genetic Engineering Tuitions , Engineering Chemistry Tuitions , Mechatronics Engineering Tuitions , Software Engineering Tuitions , Electronics & Communication Engineering Tuitions , Instrumentation Technology Engineering Tuitions , Telecommunication Engineering Tuitions , Industrial & Production Engineering Tuitions , CAT Coaching , School Tuitions for All Subjects , ",,,"Biomechanical Engineering Tuitions , Biomedical Engineering Tuitions , Biotechnology Engineering Tuitions , CAT Coaching , Chemical Engineering Tuitions , Civil Engineering Tuitions , Common Management Aptitude Test (CMAT) Coaching , Electrical Engineering Tuitions , Electronics & Communication Engineering Tuitions , Engineering Chemistry Tuitions , Engineering Physics Tuitions , Engineering Tuitions - Other Branches , Environmental Engineering Tuitions , GATE Biotechnology Coaching , GATE Chemical Engineering Coaching , GATE Chemistry Coaching , GATE Civil Engineering Coaching , GATE Coaching for Other Subjects , GATE Computer Science Coaching , GATE Electrical Engineering Coaching , GATE Electronics Engineering Coaching , GATE Industrial Engineering Coaching , GATE Instrumental Engineering Coaching , GATE Mathematics Coaching , GATE Mechanical Engineering Coaching , GATE Physics Coaching , GATE Production Engineering Coaching , Genetic Engineering Tuitions , IIT-JEE Coaching , Industrial & Production Engineering Tuitions , Instrumentation Technology Engineering Tuitions , IT & Computer Science Engineering Tuitions , Materials Science Engineering Tuitions , MBA & BBA Coaching , MCA Entrance Coaching , Mechanical Engineering Tuitions , Mechatronics Engineering Tuitions , Microelectronic Engineering Tuitions , R Analytics Online Training , Robotics Engineering Tuitions , School Tuitions for All Subjects , Software Engineering Tuitions , Telecommunication Engineering Tuitions , "
166406,PT Education,0183 - 3222957,,,,,No. 52,Sant Nagar,143001,amritsar,India,,,Virender Gupta,,"MBA & BBA Coaching , ",,,
166407,Aakash Educational Services Ltd.,0183 - 5051033,,,,,"SCO No. 11, 1st & 2nd Floor",Ranjit Avenue,143001,amritsar,India,medical@aesl.in,,,,"IIT Engineering Entrance Coaching , Medical Entrance Coaching , 2nd Year PUC Coaching , 1st Year PUC Coaching , 10th STD Tuitions , IIT-JEE Coaching , 9th STD Tuitions , ",,,"IIT-JEE Coaching , Medical Entrance Coaching , "
166408,IBT Institute,9888710660,,,,,,Rani Ka Bagh,143001,amritsar,India,headoffice@ibtindia.com,http://www.ibtindia.com,Pradeep/Sahil,Monday - Saturday: 9:00 am - 9:00 pm,"UGC Net Coaching , UGC Net Economics Coaching , Banking Tuitions , SBI PO Training , ","The Institute of Banking Training is highly reputed Institute for Banking P.O. and Clerical Exam Training in India. The institute has given excellent results particularly in all banking and other competitive exams. The institute's commitment till the success of its students is a unique feature which gives consistent motivation, support, practice and latest notes/study materials.Persons of the institute are a team of successful intellectuals meticulously selected and groomed according to the mission of the institute. We continuously try to seek, mould, polish and develop the inherent talents of candidates and this in turn helps them to get adapted in the industry in a better manner. The mission of the institute is to develop professionally qualified and competent bankers and finance professionals primarily through a process of education, consultancy/counseling and continuing professional development programs.
""OUR AIM IS TO DELIVER THE BEST BY TAKING CARE OF EVERY STUDENT..........""IBT has created a history by having more than 6000+ in a year. IBT provides life time membership card to ensure 100% training guarantee till selection.  ","http://localserviceassets.blob.core.windows.net:80/businessphoto-t/11-cc272240-faa3-4e30-912e-56b441044099.jpg , http://localserviceassets.blob.core.windows.net:80/businessphoto-t/22-ab469f1d-0675-4145-8d8c-c2c822a66bcf.jpg , http://localserviceassets.blob.core.windows.net:80/businessphoto-t/33-7ffdfb64-2632-4858-ae32-2e5fe714d4a3.jpg , http://localserviceassets.blob.core.windows.net:80/businessphoto-t/ab-9efeb949-1f79-4a3d-803d-7da59472abab.jpg , http://localserviceassets.blob.core.windows.net:80/businessphoto-m/11-cc272240-faa3-4e30-912e-56b441044099.jpg , http://localserviceassets.blob.core.windows.net:80/businessphoto-m/22-ab469f1d-0675-4145-8d8c-c2c822a66bcf.jpg , http://localserviceassets.blob.core.windows.net:80/businessphoto-m/33-7ffdfb64-2632-4858-ae32-2e5fe714d4a3.jpg , http://localserviceassets.blob.core.windows.net:80/businessphoto-m/ab-9efeb949-1f79-4a3d-803d-7da59472abab.jpg , ",
166409,Davesar College,0183 - 2275455, 0183 - 6451289, 9814315346, 9814317127,,"288, F-7, Aare Wali Gali Kashmir Avenue",Kashmir Avenue,143001,amritsar,India,hardesh1000@gmail.com,,Hardesh,All days: 24 hours,"Big Data Analytics Online Training , R Analytics Online Training , Spoken English Classes , ","On the behalf of Davesar Consultants it is my heartiest pleasure to welcome you. Davesar Consultants are always committed to provide excellent services to the most valuable clients. We always have endeavored to cater to rapidly changing world. We Davesar Consultants, leave no stone unturned to make our students reach the desired destination. At Davesar you will also have an opportunity to meet and talk our other students, so that you can get knowledge about various aspects of Australia and Australian education.Once again, I welcome to all our prospective students. We will be more than happy to reply all your queries. 
  ",,
166410,Cavalier India,9417581715,,,,,,,,amritsar,India,cavalierindia.chandigarh@yahoo.com,http://www.cavalierindia.com,Col Diwan,All days: 9:00 am - 6:00 pm,"SSB & NDA Coaching , ",,,
166411,Third Axis Institute of Competitive Exams,9646673683,,,,,"SCO 32, Top Floor ",Amritsar Bus Stand Road,143001,amritsar,India,3rdaxis.asr@gmail.com,,Kawaljit Singh,,"CAT Coaching , IAS Entrance Coaching , ACT Exam Coaching , Banking Tuitions , CBSE Tuitions for Chemistry , BSC Entrance Exam Coaching , ","We are customer oriented & strongly believe in building a relationship based on trust with our customers. With an aim to capture customer loyalty through great value and exceptional performance, we believe in developing and maintaining lasting relationships with our customers by providing outstanding services.  ",,
166412,Omsai Net English Literature,8400439635,,,,,,Hamidpur,226004,amritsar,India,net.eng126@gmail.com,,Aggarwal,Monday - Sunday: 24 hours,"UGC Net Coaching , UGC Net Management Coaching , UGC Net HR Coaching , UGC Net Commerce Coaching , CSIR UGC Net Exam Coaching , UGC Net Economics Coaching , UGC Net History Coaching , ",,,
166413,Talen Thub education,9216666890,,,,,No. 7,Rani Ka Bagh,143001,amritsar,India,talenthubeducation@gmail.com,http://https://www.talenthubeducation.com,Simardeep Singh,Monday - Saturday: 9 AM - 7 PM,,,,
166414,Radical Institute,0183 - 2220708,,,,,Plot No. 718,Rani Ka Bagh,143001,amritsar,India,,,Aji Aroda,Monday - Saturday: 2 PM - 7 PM,"2nd Year PUC Coaching , 1st Year PUC Coaching , ",,,
166415,Radical,0183 - 2563465,,,,,No. 718,INA Colony,143001,amritsar,India,,,,Monday - Sunday : 24 Hrs,"Biochemistry Degree Tuitions , School Tuitions for Math, Physics, Chemistry , CBSE Tuitions for Maths , CBSE Tuitions for Physics , CBSE Tuitions for Chemistry , College Tuitions for Maths , College Tuitions for Physics , College Tuitions for Chemistry , ",,,"College Tuitions for Maths , College Tuitions for Physics , School Tuitions for Math, Physics, Chemistry , "
166416,Toris,8427980813,,,,,,Rani Ka Bagh,143001,amritsar,India,,,,Monday - Saturday: 9 AM - 6 PM,"Big Data Analytics Online Training , R Analytics Online Training , Spoken English Classes , ",,,
166417,Dhyeya IAS Training Centre,9988998901,,,,,"No. 118/120, 1st Floor",Ranjit Avenue,143001,amritsar,India,,,,,"IAS Entrance Coaching , ",,,
166418,I Best - Institute of Banking Entrance & Selection Training,9855142233, 9216252600,,,,"No. 30-A, 1st Floor",Rani Ka Bagh,143001,amritsar,India,ibestinstitute@gmail.com,http://www.ibestindia.com,Mukesh Gupt,Monday - Saturday: 9 AM - 7 PM,"RRB Entrance Exam Coaching , Banking Tuitions , ","Welcome to the global world of iBEST. It is a resource center for Competitive & Entrance Exams. iBEST is for candidates preparing for the various competitive examinations and individuals who want to enhance their knowledge.
No matter how hard you study for your Entrance Examinations, you can never be too sure of your efforts. But, now you can put all those doubts to rest with the help of iBEST.
iBEST is the No.1 leading institute for Bank Exam & others govt. jobs competitive exams Preparation. iBEST provides best Bank PO, Bank Clerical, IBPS CWE Coaching, CWE PO, CWE Clerical, SBI PO, SBI Clerical, RBI Coaching, IBPS Specialist Officers & other public sector bank exams Coaching.
Also, iBEST through its quality guidance and standard approach have made a remarkable name in providing best SSC Graduate Level Coaching, SSC 12th level Coaching.  ",,
166419,Synergy IAS Academy,+91 172 3368929,,,,,"SCO - 153, Top Floor",Sector 24D,160023,amritsar,India,krdinesh24@gmail.com,http://www.synergyiasacademychandigarh.com,Dinesh Kumar,Monday - Saturday: 7 AM - 8 AM,"Engineering Tuitions , Law Entrance Coaching , Mechanical Engineering Tuitions , SET Entrance Coaching , Aerospace Engineering Tuitions , Biomedical Engineering Tuitions , Biomechanical Engineering Tuitions , Automotive Engineering Tuitions , Civil Engineering Tuitions , CLAT Entrance Coaching , Architectural Engineering Tuitions , IPS Entrance Exam Coaching , Electrical Engineering Tuitions , IT & Computer Science Engineering Tuitions , SSC Entrance Exam Coaching , RRB Entrance Exam Coaching , Robotics Engineering Tuitions , Microelectronic Engineering Tuitions , Chemical Engineering Tuitions , Environmental Engineering Tuitions , Materials Science Engineering Tuitions , Agricultural Engineering Tuitions , Common Management Aptitude Test (CMAT) Coaching , Engineering Tuitions - Other Branches , Engineering Physics Tuitions , Biotechnology Engineering Tuitions , UPSC Coaching , Genetic Engineering Tuitions , Engineering Chemistry Tuitions , CTET Coaching , Mechatronics Engineering Tuitions , Software Engineering Tuitions , Electronics & Communication Engineering Tuitions , Instrumentation Technology Engineering Tuitions , NEET Entrance Coaching , Telecommunication Engineering Tuitions , Industrial & Production Engineering Tuitions , IBPS Bank Interview Coaching , PSU Entrance Coaching , CAT Coaching , IIT Engineering Entrance Coaching , IAS Entrance Coaching , School Tuitions for Math, Physics, Chemistry , Spoken English Classes , B.B.A. Entrance Coaching , GRE Coaching , Banking Tuitions , MBA & BBA Coaching , ","An employment in the civil services is much more than an average white-collar job. In fact, the Civil Services offer a unique career opportunity combined with constructive challenges and high growth prospects. By getting into the civil services, you will not only be associated with the decision-makers and implementers of policies & programmes but you will also be a crucial contributor as policy maker to the development of the nation as a whole. The decision to join the civil services is not that of going for yet another lucrative job for livelihood. In fact, it is an opportunity to serve the country. Moreover, the varied nature of assignments attached with the services gives an opportunity for the maximum utilization of one's potential.Synergy IAS Academy was established with a mission that students of this academy should lead the list of successful candidate in the UPSC examination and join the administrative services. Synergy IAS Academy has successfully organized several workshops and seminar for students and presents in Chandigarh & nearby area to enlighten them about the UPSC and UPPSC examination with the help of publicity from media.The students who showed interest were offered rigorous training and coaching by Synergy IAS Academy combined with guidance from excellent professors and tutors, test series and a well equipped library.  ","http://localserviceassets.blob.core.windows.net:80/businessphoto-t/08-01-2016%2013-15-49-913336da-fb9f-4d0b-886a-eac3417be9fa.png , http://localserviceassets.blob.core.windows.net:80/businessphoto-t/08-01-2016%2013-16-00-2c682c7d-b40f-41fe-9086-5b5330495354.png , http://localserviceassets.blob.core.windows.net:80/businessphoto-t/08-01-2016%2013-16-06-13cedd3a-a649-4746-b983-a8b3dbe835a8.png , http://localserviceassets.blob.core.windows.net:80/businessphoto-t/08-01-2016%2013-16-12-069d8a6a-1724-425c-81ff-f4bde33ff4a4.png , http://localserviceassets.blob.core.windows.net:80/businessphoto-t/08-01-2016%2013-16-21-375678c0-9424-4d2d-85ac-5c3441e70f81.png , http://localserviceassets.blob.core.windows.net:80/businessphoto-t/08-01-2016%2013-16-28-de516113-d8e9-4ca5-a7b6-53685da36e6f.png , http://localserviceassets.blob.core.windows.net:80/businessphoto-m/08-01-2016%2013-15-49-913336da-fb9f-4d0b-886a-eac3417be9fa.png , http://localserviceassets.blob.core.windows.net:80/businessphoto-m/08-01-2016%2013-16-00-2c682c7d-b40f-41fe-9086-5b5330495354.png , http://localserviceassets.blob.core.windows.net:80/businessphoto-m/08-01-2016%2013-16-06-13cedd3a-a649-4746-b983-a8b3dbe835a8.png , http://localserviceassets.blob.core.windows.net:80/businessphoto-m/08-01-2016%2013-16-12-069d8a6a-1724-425c-81ff-f4bde33ff4a4.png , http://localserviceassets.blob.core.windows.net:80/businessphoto-m/08-01-2016%2013-16-21-375678c0-9424-4d2d-85ac-5c3441e70f81.png , http://localserviceassets.blob.core.windows.net:80/businessphoto-m/08-01-2016%2013-16-28-de516113-d8e9-4ca5-a7b6-53685da36e6f.png , ","Aptitude Training , Architectural Engineering Tuitions , Automotive Engineering Tuitions , B.B.A. Entrance Coaching , Banking Tuitions , Biomechanical Engineering Tuitions , Biomedical Engineering Tuitions , Biotechnology Engineering Tuitions , CAT Coaching , CET Entrance Coaching , Chemical Engineering Tuitions , Civil Engineering Tuitions , CLAT Entrance Coaching , College Tuitions for Chemistry , College Tuitions for Maths , College Tuitions for Physics , Common Management Aptitude Test (CMAT) Coaching , CTET Coaching , Electrical Engineering Tuitions , Electronics & Communication Engineering Tuitions , Engineering Chemistry Tuitions , Engineering Physics Tuitions , Engineering Tuitions - Other Branches , Environmental Engineering Tuitions , Genetic Engineering Tuitions , GMAT Coaching , GRE Coaching , IAS Entrance Coaching , IB Maths Tuitions , IB Physics Tuitions , IBPS Bank Interview Coaching , IGCSE Maths Tuitions , IGCSE Physics Tuitions , IIT Engineering Entrance Coaching , IIT-JEE Coaching , Industrial & Production Engineering Tuitions , Instrumentation Technology Engineering Tuitions , IPS Entrance Exam Coaching , IT & Computer Science Engineering Tuitions , JEE Advanced Coaching , Materials Science Engineering Tuitions , MBA & BBA Coaching , MCA Entrance Coaching , Mechanical Engineering Tuitions , Mechatronics Engineering Tuitions , Microelectronic Engineering Tuitions , National Talent Search Exam (NTSE) Coaching , NEET Entrance Coaching , Online Test Series for Exam , PCS Entrance Coaching , PSU Entrance Coaching , Robotics Engineering Tuitions , RRB Entrance Exam Coaching , School Tuitions for Math, Physics, Chemistry , SET Entrance Coaching , Software Engineering Tuitions , Spoken English Classes , SSB & NDA Coaching , SSC Entrance Exam Coaching , Telecommunication Engineering Tuitions , UPSC Coaching , Vedic Maths Coaching , "
166420,Niks Academy,+91 731 3368835,,,,,Rajiv Gandhi Circle,A.B. Road,452017,amritsar,India,info@niksacademy.com,http://www.niksacademy.com,Nikhil,Monday - Sunday: 2 PM - 9 PM,"Defence/Police Exam Coaching , CDS Exam Coaching , Army Coaching , Navy Coaching , AFCAT Coaching , ACC Coaching , Coast Guard Exam Coaching , SSB & NDA Coaching , ","The NIKS ACADEMY is a SSB training & personality enhancement Institute committed to youth empowerment. The Institute is located in Indore, with a sprawling campus. The uniqueness of the Institute accrues from its outdoor layout of obstacles, including all types of Leaderless Group Tasks, Command Tasks, and Group Obstacle Race & Individual Obstacles. In order to infuse realizing into training, the dimension of all these obstacles has been precisely calibrated to those existing in various SSBs. The trainer comprises of dedicated retired army officers. These highly experienced, senior Army officers have been assessors and members of Services Selection Boards for protracted period of time.  ","http://localserviceassets.blob.core.windows.net:80/businessphoto-t/1...MOHIT-PRAJAPATIAJINKYA-KHERPRITISH-MEHTA-nggid0252-ngg0dyn-91x68-00f0w010c011r110f110r010t010-131c55ff-1c26-4660-902a-6bf0b64d6381.JPG , http://localserviceassets.blob.core.windows.net:80/businessphoto-t/2-nggid03174-ngg0dyn-91x68-00f0w010c011r110f110r010t010-784305ad-31b8-4c5d-9582-596461bfbce6.JPG , http://localserviceassets.blob.core.windows.net:80/businessphoto-t/3-nggid03167-ngg0dyn-91x68-00f0w010c011r110f110r010t010-5f6c4bde-486e-47cd-b1e8-3f305197f8d5.jpg , http://localserviceassets.blob.core.windows.net:80/businessphoto-t/26-jan-2012-my-photu-nggid03118-ngg0dyn-91x68-00f0w010c011r110f110r010t010-9d7ccc90-fa3a-4e95-a3db-8378ef2ea2cc.JPG , http://localserviceassets.blob.core.windows.net:80/businessphoto-t/15072010099-nggid0223-ngg0dyn-91x68-00f0w010c011r110f110r010t010-7032aea5-f271-43f6-86df-360c3103584b.jpg , http://localserviceassets.blob.core.windows.net:80/businessphoto-t/23102010039-nggid015-ngg0dyn-91x68-00f0w010c011r110f110r010t010-a0de99cc-84f8-490d-a7e9-0bea58f073cc.jpg , http://localserviceassets.blob.core.windows.net:80/businessphoto-t/a1-nggid03162-ngg0dyn-91x68-00f0w010c011r110f110r010t010-ef76a281-29b2-45ac-b11f-52bec42c0113.jpg , http://localserviceassets.blob.core.windows.net:80/businessphoto-t/abts-f7589124-6bbe-4d04-82d3-a28923ddbf34.jpg , http://localserviceassets.blob.core.windows.net:80/businessphoto-t/air1-1500x400_c2-081306f3-1639-44cd-8d81-1785dbbf9709.jpg , http://localserviceassets.blob.core.windows.net:80/businessphoto-t/IMG_0318-nggid0239-ngg0dyn-91x68-00f0w010c011r110f110r010t010-51b553f3-a983-4cae-b996-db4ef57d9bb4.JPG , http://localserviceassets.blob.core.windows.net:80/businessphoto-t/img1-1272d172-40a7-4bd3-9bbd-e6d0eae0162c.jpg , http://localserviceassets.blob.core.windows.net:80/businessphoto-t/img2-8a46d71e-72ff-499c-94b6-433f6805c72d.jpg , http://localserviceassets.blob.core.windows.net:80/businessphoto-t/img3-e1cf76ed-9805-409b-a066-0201687698ea.jpg , http://localserviceassets.blob.core.windows.net:80/businessphoto-t/navy1-1500x400_c3-85332931-be88-46ed-8464-460c45853ecb.jpg , http://localserviceassets.blob.core.windows.net:80/businessphoto-t/navy1-1500x400_c-12-379bdb0a-3f81-41bc-b39a-13e7f8e16d32.jpg , http://localserviceassets.blob.core.windows.net:80/businessphoto-t/nws-09b1a072-3ba7-43e6-9d9a-0885e8ed02c7.jpg , http://localserviceassets.blob.core.windows.net:80/businessphoto-t/v-555982b1-de9b-48d1-a1b1-bf59c721af5b.jpg , http://localserviceassets.blob.core.windows.net:80/businessphoto-m/1...MOHIT-PRAJAPATIAJINKYA-KHERPRITISH-MEHTA-nggid0252-ngg0dyn-91x68-00f0w010c011r110f110r010t010-131c55ff-1c26-4660-902a-6bf0b64d6381.JPG , http://localserviceassets.blob.core.windows.net:80/businessphoto-m/2-nggid03174-ngg0dyn-91x68-00f0w010c011r110f110r010t010-784305ad-31b8-4c5d-9582-596461bfbce6.JPG , http://localserviceassets.blob.core.windows.net:80/businessphoto-m/3-nggid03167-ngg0dyn-91x68-00f0w010c011r110f110r010t010-5f6c4bde-486e-47cd-b1e8-3f305197f8d5.jpg , http://localserviceassets.blob.core.windows.net:80/businessphoto-m/26-jan-2012-my-photu-nggid03118-ngg0dyn-91x68-00f0w010c011r110f110r010t010-9d7ccc90-fa3a-4e95-a3db-8378ef2ea2cc.JPG , http://localserviceassets.blob.core.windows.net:80/businessphoto-m/15072010099-nggid0223-ngg0dyn-91x68-00f0w010c011r110f110r010t010-7032aea5-f271-43f6-86df-360c3103584b.jpg , http://localserviceassets.blob.core.windows.net:80/businessphoto-m/23102010039-nggid015-ngg0dyn-91x68-00f0w010c011r110f110r010t010-a0de99cc-84f8-490d-a7e9-0bea58f073cc.jpg , http://localserviceassets.blob.core.windows.net:80/businessphoto-m/a1-nggid03162-ngg0dyn-91x68-00f0w010c011r110f110r010t010-ef76a281-29b2-45ac-b11f-52bec42c0113.jpg , http://localserviceassets.blob.core.windows.net:80/businessphoto-m/abts-f7589124-6bbe-4d04-82d3-a28923ddbf34.jpg , http://localserviceassets.blob.core.windows.net:80/businessphoto-m/air1-1500x400_c2-081306f3-1639-44cd-8d81-1785dbbf9709.jpg , http://localserviceassets.blob.core.windows.net:80/businessphoto-m/IMG_0318-nggid0239-ngg0dyn-91x68-00f0w010c011r110f110r010t010-51b553f3-a983-4cae-b996-db4ef57d9bb4.JPG , http://localserviceassets.blob.core.windows.net:80/businessphoto-m/img1-1272d172-40a7-4bd3-9bbd-e6d0eae0162c.jpg , http://localserviceassets.blob.core.windows.net:80/businessphoto-m/img2-8a46d71e-72ff-499c-94b6-433f6805c72d.jpg , http://localserviceassets.blob.core.windows.net:80/businessphoto-m/img3-e1cf76ed-9805-409b-a066-0201687698ea.jpg , http://localserviceassets.blob.core.windows.net:80/businessphoto-m/navy1-1500x400_c3-85332931-be88-46ed-8464-460c45853ecb.jpg , http://localserviceassets.blob.core.windows.net:80/businessphoto-m/navy1-1500x400_c-12-379bdb0a-3f81-41bc-b39a-13e7f8e16d32.jpg , http://localserviceassets.blob.core.windows.net:80/businessphoto-m/nws-09b1a072-3ba7-43e6-9d9a-0885e8ed02c7.jpg , http://localserviceassets.blob.core.windows.net:80/businessphoto-m/v-555982b1-de9b-48d1-a1b1-bf59c721af5b.jpg , ","Navy Coaching , SSB & NDA Coaching , "
166421,Royal Study Hub,9465236392,,,,,"No. 2-B, Dashmesh Nagar, Ground Floor",Garha Road,144001,amritsar,India,jaspreet.rsh@gmail.com,,Charanjit Singh,Monday - Saturday: 9.30 AM - 6 PM,"Coaching & Tuitions , USA Education Consultants , UK Education Consultants , Australia Education Consultants , Canada Education Consultants , New Zealand Education Consultants , Cyprus Education Consultants , PTE Coaching , Spoken English Classes , Singapore Education Consultants , IELTS Coaching , Ireland Education Consultants , ",,,"New Zealand Education Consultants , PTE Coaching , Singapore Education Consultants , Spoken English Classes , UK Education Consultants , USA Education Consultants , "
166422,Kangaroo Studies Pvt. Ltd.,9316172839, 9316172837,,,,"Upper Ground Floor, Midas Corporate Park",Gt Road ,144001,amritsar,India,avinav.sharma@kangaroostudies.com,http://www.kangaroostudies.com,Avinav Sharma,Monday - Saturday: 9.30 AM - 6 PM,"Visa Consultants , Canada Visa Consultants , New Zealand Visa Consultants , Australia South Pacific Visa Consultants , America Visa Consultants , PTE Coaching , Student Visa Consultants , Dependent Visa Consultants , Spoken English Classes , IELTS Coaching , TOEFL Coaching , Placement Training , ","Kangaroo Studies has completed more than 19 extraordinary years of service and will be entering 20th glorious year in the field of Overseas Education focused on Australia, Canada, New Zealand, the UK, the USA, Ireland, Dubai and Singapore. Today we are equipped with a wide variety of services through 8 offices spread over north India  New Delhi, Amritsar, Jalandhar, Phagwara, Ludhiana, Chandigarh, Karnal and Lucknow - representing a large number of government funded universities and institutions to choose your study destinations. Kangaroo Studies has got various salient features which make it distinct from other agencies. We are one of the only 6 e-visa agents for Australia student visa in the country. We are a New Zealand Specialised Agent. We are certified iCARE Agent for Canada and for the USA we are member of AIRC.  ","http://localserviceassets.blob.core.windows.net:80/businessphoto-t/3-cd37f3ce-89b5-4c28-9f7b-4e09d4b8a276.jpg , http://localserviceassets.blob.core.windows.net:80/businessphoto-t/7-45b6be3c-ba42-4bf3-9b7f-c894edd83e93.jpg , http://localserviceassets.blob.core.windows.net:80/businessphoto-t/11-13-2015%206-24-15%20PM-72ac5d32-254e-4f63-becb-99c44ae94d20.jpg , http://localserviceassets.blob.core.windows.net:80/businessphoto-t/HWPFbWGzyjSgXEr7E4nAWh5ajGdpyPfbY84Nc3AgbBtnF5ZOasXSwwbKGzyzrxGF6-551b313c-7f87-4d76-80cf-1cea947306bc.jpg , http://localserviceassets.blob.core.windows.net:80/businessphoto-t/innerpage-940x184-87055d88-859a-45f4-850a-c5f397a24353.jpg , http://localserviceassets.blob.core.windows.net:80/businessphoto-t/rFQKFeyLAwMyzQEOtWQMZXSzy6X7kcQx53OZS5FWyqRax4atTh27jMXwA1xQcLTmK-ebed4faa-32c0-408b-bad0-a7b461ec3cfd.jpg , http://localserviceassets.blob.core.windows.net:80/businessphoto-t/WELCOME-b6fcf90f-d440-44a6-a115-5ea78b55bcb0.png , http://localserviceassets.blob.core.windows.net:80/businessphoto-t/ZqmdamsnzxQ2e8RxZfMkxzqO6cazW2WCkER9HwNgAwyeDQHasc64FfzeqSykKht1q-9523157c-5d95-4e8c-b6a9-7b1edfa99cb8.jpg , http://localserviceassets.blob.core.windows.net:80/businessphoto-m/3-cd37f3ce-89b5-4c28-9f7b-4e09d4b8a276.jpg , http://localserviceassets.blob.core.windows.net:80/businessphoto-m/7-45b6be3c-ba42-4bf3-9b7f-c894edd83e93.jpg , http://localserviceassets.blob.core.windows.net:80/businessphoto-m/11-13-2015%206-24-15%20PM-72ac5d32-254e-4f63-becb-99c44ae94d20.jpg , http://localserviceassets.blob.core.windows.net:80/businessphoto-m/HWPFbWGzyjSgXEr7E4nAWh5ajGdpyPfbY84Nc3AgbBtnF5ZOasXSwwbKGzyzrxGF6-551b313c-7f87-4d76-80cf-1cea947306bc.jpg , http://localserviceassets.blob.core.windows.net:80/businessphoto-m/innerpage-940x184-87055d88-859a-45f4-850a-c5f397a24353.jpg , http://localserviceassets.blob.core.windows.net:80/businessphoto-m/rFQKFeyLAwMyzQEOtWQMZXSzy6X7kcQx53OZS5FWyqRax4atTh27jMXwA1xQcLTmK-ebed4faa-32c0-408b-bad0-a7b461ec3cfd.jpg , http://localserviceassets.blob.core.windows.net:80/businessphoto-m/WELCOME-b6fcf90f-d440-44a6-a115-5ea78b55bcb0.png , http://localserviceassets.blob.core.windows.net:80/businessphoto-m/ZqmdamsnzxQ2e8RxZfMkxzqO6cazW2WCkER9HwNgAwyeDQHasc64FfzeqSykKht1q-9523157c-5d95-4e8c-b6a9-7b1edfa99cb8.jpg , ","Classroom Tuitions , Daily Classes , New Zealand Visa Consultants , Placement Training , PTE Coaching , Short Term , Spoken English Classes , Student Visa Consultants , TOEFL Coaching , "
166423,Cambridge International Academy,9217241111,,,,,SCO No. 6,Ranjit Avenue,143001,amritsar,India,,,,Monday - Saturday: 10 AM - 6 PM,"Spoken English Classes , ",,,
166424,Outshine Institute of Competitions,9478792501,,,,,2nd floor,Ranjit Avenue,143001,amritsar,India,info.outshineinstitute@gmail.com,,Anurag,Monday - Saturday: 9.30 AM - 7 PM,"IBPS Bank Interview Coaching , GRE Coaching , Banking Tuitions , IBPS Bank Exam Coaching , ",,,
166425,Cerebral Coaching Point,0183 - 2270660, 9878405980,,,,No. F11/176,Vijay Nagar,143001,amritsar,India,cerebralcoachingpoint@gmail.com,,Bhavya Sarbalhi,Monday - Saturday: 10 AM - 8 PM,"College Tuitions for Accounts, Finance, Statistics , Tuitions for College Subjects , School Tuitions for All Subjects , Advanced Economics Coaching Classes (College level and above) , 2nd Year PUC Coaching , College Tuitions for Maths , College Tuitions for Physics , College Tuitions for Chemistry , 1st Year PUC Coaching , 10th STD Tuitions , 9th STD Tuitions , ",,,"College Tuitions for Accounts, Finance, Statistics , College Tuitions for Chemistry , College Tuitions for Maths , College Tuitions for Physics , School Tuitions for All Subjects , Tuitions for College Subjects , "
166426,Nova English Campus,9888319541,,,,,No. 53,Amritsar Bus Stand Road,143005,amritsar,India,,,Jacob,Monday - Saturday: 10.30 AM - 7.30 PM,"Language Training , French Language Training , Spoken English Classes , ",,,
166427,Gurukul Academy,9464118750,,,,,No. 226,Rishi Vihar,143001,amritsar,India,sorabaggarwal@yahoo.com,,Sorab,Monday - Saturday: 9 AM - 6.30 PM,"Computer Networking Training , Programming Languages Training , Web Technologies Training , Advanced C Programming Training , C, C++ Training , Basic Networking Training , Advanced Networking Training , C Sharp (C#) Training , IBM AS/400 Training , Java & J2EE Training , MCTS Training , Basic Language Training , Advanced Visual Basic Training , JMS Training , Computer Science Tuitions (11th & 12th STD) , Java Beans Training , CCC / BCC Course , BEA Training , Socket Programming Training , PCP Training , Advanced JAVA Training , WAP Training , Advanced VBScript Training , Advanced C++ Training , AngularJS Training , ",,,"Advanced Visual Basic Training , AngularJS Training , Basic Language Training , Basic Networking Training , BEA Training , C Sharp (C#) Training , C, C++ Training , CCC / BCC Course , Computer Science Tuitions (11th & 12th STD) , IBM AS/400 Training , Java & J2EE Training , Java Beans Training , JMS Training , MCTS Training , PCP Training , Socket Programming Training , WAP Training , "
166428,Talent Hub Education,0921 - 6666890,,,,,No. 7,Rani Ka Bagh,143001,amritsar,India,talenthubeducation@gmail.com,http://www.talenthubeducation.com/,Mandeep,Monday - Saturday: 9.30 AM - 6.30 PM,"CAT Coaching , MBA & BBA Coaching , TOEFL Coaching , ",,,
166429,Nova English Campus,0183 - 5010438, 9888319541,,,,2nd Floor,Kabir Park Colony,143001,amritsar,India,novaenglishcampus@gmail.com,http://www.novaenglishcampus.com,Jacob,Monday - Saturday: 8 AM - 8 PM,"Language Training , French Language Training , Spoken English Classes , IELTS Coaching , ",,,
166430,Firefly E-Ventures Ltd.,,,,,,"Park Centra Building, 11th Floor",Sector 30,122001,amritsar,India,,http://www.htcampus.com,Bhuwan,Monday - Sunday: 9.30 AM - 6 PM,"Hotel Management Colleges , Overseas Education , Distance Education , Coaching & Tuitions , Job Training , Media Colleges , Multimedia & Design Training , 2D Animation Training , Mauritius Education Consultants , MBA Part Time Distance Education , M.B.A. Distance Education , Overseas Engineering Education Consultants , USA Education Consultants , Online UK Distance Education , TV Journalism Job Training , M.Sc. TQM Distance Education , UK Education Consultants , Australia Education Consultants , M.Sc. Physics Distance Education , M.Sc. Botany Distance Education , Canada Education Consultants , New Zealand Education Consultants , M.Sc. Zoology Distance Education , M.Sc. Mathematics Distance Education , Russia Education Consultants , Cyprus Education Consultants , B.B.A. Colleges , B.B.M. Colleges , Austria Education Consultants , Poland Education Consultants , Diploma in Advertising Design , Overseas MBA Education Consultants , M.Sc. Chemistry Distance Education , M.C.A. Distance Education , Overseas Medical Education Consultants , Overseas Journalism Education Consultants , Graphic Designing Training , Multimedia & Animation Training , South Korea Education Consultants , MIF Distance Education , MAF Distance Education , 12th Open School Distance Education , Diploma in Civil Engineering Distance Education , Hotel Management Degree Colleges , Hotel Management Diploma Colleges , Diploma in IT Engineering Distance Education , Diploma in Chemical Engineering Distance Education , Hotel Management Certificate Colleges , Fashion Designing Training , Diploma in Electrical Engineering Distance Education , Diploma in Industrial Relation Course Distance Education , B.A Distance Education , ","Firefly E-Ventures Ltd. has enormous experience in this business. Our target has always been timely service, best quality and reasonable cost. We are in touch with our customers through quality, performance, service and assistance. Bringing the best of assessment to our customers, we also care as much about our customers. We value the trust and beliefs vested in us by our clients and professional contacts and provide a dedicated service with an honest and direct approach it to all our dealings. We deal in Overseas Education, Distance Education, 2D & 3D Animation . Contact us for further details.  ",,"2 Years , 6 Months , Actuarial Science Distance Education , Aeronautical Engineering , Architectural Engineering , Armenia Education Consultants , B.A Distance Education , B.B.A. Colleges , B.B.M. Colleges , B.C.A. Distance Education , B.Com Distance Education , B.Ed. Distance Education , B.Sc. IT Distance Education , B.Tech. Distance Education , BBA Distance Education , BCA Distance Education , Below 1000 , Canada Education Consultants , Certification programs , Certified Financial Management Distance Education , Certified Public Accountant (CPA) Distance Education , Chartered Financial Analyst (CFA) Distance Education , China Education Consultants , Contact Classes , Correspondence , Counselling Overseas Education , Cyprus Education Consultants , DBM ADBM Distance Education , Degree Programs , Denmark Education Consultants , Diploma in Advertising Design , Diploma in Chemical Engineering Distance Education , Diploma in Civil Engineering Distance Education , Diploma in Electrical Engineering Distance Education , Diploma in Industrial Relation Course Distance Education , Diploma in IT Engineering Distance Education , Diploma Programs , Dubai Education Consultants , Europe Education Consultants , Executive BBA Distance Education , Executive MBA Distance Education , Fashion Designing Training , Finland Education Consultants , France Education Consultants , Germany Education Consultants , Graphic Designing Training , Hotel Management Certificate Colleges , Hotel Management Degree Colleges , Hotel Management Diploma Colleges , Industrial Management Distance Education , International Business , Ireland Education Consultants , IT Program Distance Education , Italy Education Consultants , LLB Distance Education , M.A. Distance Education , M.B.A. Distance Education , M.C.A. Distance Education , M.Com Distance Education , M.Phil Distance Education , M.Sc. Botany Distance Education , M.Sc. Chemistry Distance Education , M.Sc. Mathematics Distance Education , M.Sc. Physics Distance Education , M.Sc. TQM Distance Education , M.Sc. Visual Communications Distance Education , M.Sc. Zoology Distance Education , M.Tech. Distance Education , MAF Distance Education , Malaysia Education Consultants , Mass Communication Job Training , Mass Communication Training , Mauritius Education Consultants , MBA Part Time Distance Education , Media Schools , Medicine , MIF Distance Education , More than 2 Years , More than Rs.20000 , MSC IT , Multimedia & Animation Training , New Zealand Education Consultants , Norway Education Consultants , Online , Online Homeopathy Distance Education , Online MBA , Online UK Distance Education , Open School for 10th class , Overseas Aviation , Overseas Engineering Education Consultants , Overseas Journalism Education Consultants , Overseas MBA Education Consultants , Overseas Medical Education Consultants , P.H.D. Distance Education , PGDCR Distance Education , PGDHHM Distance Education , PGDHIM Distance Education , PGDITM Distance Education , PGDMLS Distance Education , Philippines Education Consultants , Poland Education Consultants , Rs.10000-Rs.20000 , Rs.1000-Rs.5000 , Rs.5000-Rs.10000 , Russia Education Consultants , Scholarships , Singapore Education Consultants , South Korea Education Consultants , Sweden Education Consultants , Switzerland Education Consultants , TV Journalism Job Training , UK Education Consultants , Ukraine Education Consultants , USA Education Consultants , "
166431,periston,8699641066,,,,,"scf61, kabir park, opp",Guru Nanak Dev University,143001,amritsar,India,info@periston.com,,sanjeev yadav,,"IIT Engineering Entrance Coaching , School Tuitions for Math, Physics, Chemistry , JEE Advanced Coaching , IIT-JEE Coaching , ",,,
166432,Diggital Mattrix,8427821649,,,,,"Diggital Mattrix, 30-A Ranjit Avenue",Airport Road,143001,amritsar,India,digitalmatrix2013@gmail.com,,Arvinder Walia,,"UGC Net Coaching , GATE Coaching , Engineering Tuitions , GATE Computer Science Coaching , IT & Computer Science Engineering Tuitions , Computer Science Tuitions (11th & 12th STD) , UGC Net Computer Science Coaching , Final Year Project Training , CS Coaching , Software Engineering Tuitions , Diploma in IT Engineering , Tuitions for College Subjects , Technical and Vocational Education and Training (TVET) , MCA Entrance Coaching , B.Sc. IT Coaching , BSC Entrance Exam Coaching , BCA Entrance Exam Coaching , MCA Entrance Exam Coaching , ",,,"Diploma in IT Engineering , Final Year Project Training , GATE Computer Science Coaching , IT & Computer Science Engineering Tuitions , MCA Entrance Coaching , MCA Entrance Exam Coaching , Software Engineering Tuitions , Technical and Vocational Education and Training (TVET) , Tuitions for College Subjects , UGC Net Computer Science Coaching , "
